1,2,34,4
a,s,d,f
q,w,er,t
this,is,a,test
ok,is,a,test
$,is,a,test
p,is,a,test
o,is,a,test
yashen,taher,wagwan
yashen,poop,go
yashen,pooep,po
yashen,pooepd,to
yashen taher,yo dag,yolo
i love you,yogabba,gabba
i love you,yo gabba,gabba
i love you,yo gabba1,t
i love you,yo gabba3,f
i love you,yo gabba4,t
i love you,yo gabba6,d
i love you,yo gabba7,c
i love you,yo gabba8,d
i love you,yo gabba9,s
yashen,yo gabba10,f
yashen taher,yo gabba11,a
s,yo gabba12,f
yasd,asdf,d
anthony,chello,applepie
cheryll,chellobi,55miroar
Anthony Burger,Chellobi,applepie
Apple Chello,Apple,55miroar
Ralph WIggim,Wigwizard,appledog
yashenasdsa,rafg,Y
yash,ooo,p
asopifhsaio,sss,yas
